{"cameraMode":{"drawMode":0,"name":"Shaded","section":"Shading Mode"},"sceneLighting":false,"audioPlay":false,"sceneViewState":{"showFog":true,"showMaterialUpdate":false,"showSkybox":false,"showFlares":true,"showImageEffects":true,"showParticleSystems":true},"in2DMode":false,"pivot":{"x":-0.6581157445907593,"y":2.1374406814575197,"z":7.570915222167969},"rotation":{"x":-0.00954976212233305,"y":0.9903059005737305,"z":-0.10617834329605103,"w":-0.08906886726617813},"size":0.04330136626958847,"orthographic":false}